0x7fcf7f6aaeb0,252,0x600000000000072
0x7fcf7f6aa750,252,0x400000000636261
0x7fcf7f6a9bf0,252,0x500000000006564
0x7fcf7f67efc0,252,0x20000726f6e696d
0x7fcf7f67d660,252,0x65746e696c6d6143,0x6d726f466c616e72,0x7363697361427461,0x700000000000000
0x7fcf7f67d698,252,0xb11bbe9db7e762f5,0xcf54e8b4d6601059,0x700000000000000
0x7fcf7f67d5f0,252,0x10062696c647453
0x7fcf7f67d610,252,0x8d1087fc20867246,0x7eef224ce9994209,0x700000000000000
0x7fcf7f67d578,252,0x5f5f62696c647453,0x500000000006367
0x7fcf7f67d5a0,252,0xa7745bcb6672767a,0xb6a67c6a410635b2,0x700000000000000
0x7fcf7f67fe98,252,0x60000000000002e
0x7fcf7f680170,252,0x600000000000020
0x7fcf7f6dc8f0,252,0x6564726177726f46,0x2000065706f5264
0x7fcf7f6a9e58,252,0x6e697274735f666f,0x600000000000067
0x7fcf7f6aa9f8,252,0x6e697274735f666f,0x600000000000067
0x7fcf7f6aa380,252,0x60000000000005e
0x7fcf7f6db538,252,0x65746e696c6d6143,0x6d726f466c616e72,0x7363697361427461,0x700000000000000
0x7fcf7f6db570,252,0xb11bbe9db7e762f5,0xcf54e8b4d6601059,0x700000000000000
0x7fcf7f6db4c8,252,0x10062696c647453
0x7fcf7f6db4e8,252,0x8d1087fc20867246,0x7eef224ce9994209,0x700000000000000
0x7fcf7f6db448,252,0x5f5f62696c647453,0x6564726177726f66,0x2000065706f5264
0x7fcf7f6db478,252,0xaee75a37420f5d55,0x2642f03977973627,0x700000000000000
0x7fcf7f6dd080,252,0x726f6e696d2e6347,0x6e690a3b3b292820,0x2022636261222067,0x7274735f666f205e,0x2265642220676e69,0x7fcf7f0a3b3b,0xb,0x1700,0x7fcf7f6dd0f0,0x7fcf80557700,0x7fcf80547070,0x7fcf8051fed0,0x9,0x1700,0x7fcf7f6dd120,0x7fcf80557e00,0x7fcf80546ef8,0x7fcf7f6dd180,0x7,0x1700,0x1,0x7fcf80558320,0x7fcf80546f68,0x1,0x3,0x1700,0x1,0x7fcf80557e00,0x7fcf80546ef8,0x7fcf7f6dd180,0x7,0x1700,0x7fcf7f6dd1b0,0x7fcf80557d78,0x7fcf80546ea8,0x1,0x5,0x1700,0x1,0x7fcf7f6f6470,0x7fcf7f6dd1e0,0x1,0x3,0x13fc,0x6f2f62696c647473,0x65706f5f6c6d6163,0x6d2e73726f746172,0x50000000000646c,0xffc,0x6f5f6c6d61636f2f,0x73726f7461726570,0x3000000646c6d2e,0x1700,0x7fcf7f6dd978,0x7fcf7f6f1248,0x7fcf7f6f1298,0x7fcf7f6dd258,0x1b,0x1700,0x7fcf7f6dd5f0,0x7fcf7f6ef190,0x7fcf7f6ef208,0x7fcf7f6dd288,0x17,0x1700,0x7fcf7f6dd2b8,0x7fcf80554670,0x7fcf80554650,0x7fcf7f6e2448,0x13,0x1700,0x7fcf7f6dd2e8,0x7fcf7f6ee9c8,0x7fcf7f6eeab0,0x7fcf7f6df760,0x11,0x1700,0x7fcf7f6ea480,0x7fcf805512e0,0x7fcf80551288,0x7fcf7f6dd318,0xb,0x1700,0x7fcf80551228,0x7fcf7f6eab80,0x7fcf7f6eacc0,0x7fcf7f6dd348,0x9,0x1700,0x7fcf7f6f0948,0x7fcf7f6eda08,0x7fcf7f6edb78,0x7fcf7f6dd378,0x5,0x1700,0x1,0x7fcf7f6dd3a8,0x7fcf7f6dd548,0x1,0x3,0xffc,0x5f5f62696c647473,0x632e676e69727473,0x40000000069746d,0x1700,0x7fcf7f6ddab0,0x7fcf7f6f7058,0x7fcf7f6f1298,0x7fcf7f6dd3f8,0x1b,0x1700,0x7fcf7f6dd7b8,0x7fcf7f6f6f08,0x7fcf7f6ef208,0x7fcf7f6dd428,0x17,0x1700,0x7fcf7f6dd458,0x7fcf80557368,0x7fcf80554650,0x7fcf7f6e25e0,0x13,0x1700,0x7fcf7f6dd488,0x7fcf7f6f6e98,0x7fcf7f6eeab0,0x7fcf7f6df930,0x11,0x700000000000000
0x7fcf7f6dce70,252,0x726f6e696d2e6347,0x6e690a3b3b292820,0x2022636261222067,0x7274735f666f205e,0x2265642220676e69,0x7fcf800a3b3b,0x7fcf80546f68,0x1,0x3,0x1700,0x1,0x7fcf80546f18,0x7fcf80546ef8,0x7fcf7f6dcef0,0x7,0x1700,0x7fcf7f6dcf20,0x7fcf80546eb8,0x7fcf80546ea8,0x1,0x5,0x1700,0x1,0x7fcf7f6dcf50,0x7fcf7f6dd1e0,0x1,0x3,0xffc,0x706f5f6c6d61636f,0x2e73726f74617265,0x400000000646c6d,0x1700,0x7fcf7f6dcfa0,0x7fcf7f6f7058,0x7fcf7f6f1298,0x7fcf7f6dd3f8,0x1b,0x1700,0x7fcf7f6ddae0,0x7fcf7f7260b8,0x7fcf7f726078,0x7fcf7f6dcfd0,0x19,0x1700,0x7fcf7f6dd000,0x7fcf7f6f6c38,0x7fcf7f6eae38,0x7fcf7f6de260,0x15,0x1700,0x7fcf7f6dd030,0x7fcf7f6f6da8,0x7fcf7f6ed3f8,0x7fcf7f6df5d8,0x11,0x1700,0x7fcf7f6ef790,0x7fcf7f714f68,0x7fcf80547288,0x7fcf7f6dd060,0xf,0x1700,0x7fcf7f6e9b50,0x7fcf7f6f6cb0,0x700000000000000
0x7fcf7f67f2e0,252,0x500000000006347
0x7fcf7f6875c0,250,0x200dea741,0x7,0x7fcf7f6aa750,0x7fcf7f6a9bf0
